{
  "magnetic": {
    "boris": {
      "dI1_final": 0.5868762943548894,
      "dI1_max": 0.5868762943548894,
      "late_slope": 0.0019033138309691364
    },
    "hc": {
      "dI1_final": 0.5867263915873,
      "dI1_max": 0.5867263915873,
      "late_slope": 0.0019109608916795338
    },
    "rk4": {
      "dI1_final": 4.707416236635321e-05,
      "dI1_max": 4.707416236635321e-05,
      "late_slope": 3.529799424840157e-07
    },
    "tao": {
      "dI1_final": 0.006621239663564307,
      "dI1_max": 0.0072091626595603454,
      "late_slope": 1.6000108290560532e-05
    },
    "energy": {
      "boris": {
        "dH_final": 1.25607396694702e-15,
        "dH_max": 2.198129442157285e-15,
        "late_slope": 2.8804431416717997e-20
      },
      "hc": {
        "dH_final": 1.25607396694702e-15,
        "dH_max": 2.198129442157285e-15,
        "late_slope": -7.502208452081665e-19
      },
      "rk4": {
        "dH_final": 1.2289288755127975e-07,
        "dH_max": 1.2289288755127975e-07,
        "late_slope": 1.2289290039775442e-10
      },
      "tao": {
        "dH_final": 6.825409715628915e-06,
        "dH_max": 2.9803868397839863e-05,
        "late_slope": 1.4651687565720993e-09
      }
    }
  },
  "laser": {
    "boris": {
      "dI1_final": 0.0029841957115696854,
      "dI1_max": 0.27497284632581825,
      "late_slope": -0.0004380449963629297
    },
    "hc": {
      "dI1_final": 0.0031477581880508215,
      "dI1_max": 0.28220941220077905,
      "late_slope": -0.00045415564034901863
    },
    "rk4": {
      "dI1_final": 4.127617480368122e-06,
      "dI1_max": 0.0001557787024688009,
      "late_slope": 1.345381320177707e-07
    },
    "tao": {
      "dI1_final": 5.1700657756196673e-05,
      "dI1_max": 0.00033192372542619104,
      "late_slope": 8.011500779241058e-07
    }
  },
  "chaotic": {
    "boris": {
      "dI1_final": 6.0674209375308985,
      "dI1_max": 7.722125692247732,
      "late_slope": 0.02399244314114729
    },
    "hc": {
      "dI1_final": 6.106316941859057,
      "dI1_max": 7.718743847923382,
      "late_slope": 0.023979712662577687
    },
    "rk4": {
      "dI1_final": 0.027825267886561287,
      "dI1_max": 0.027825267886561287,
      "late_slope": 0.00011743187563490041
    },
    "tao": {
      "dI1_final": 0.12549826455781266,
      "dI1_max": 0.28795139941494985,
      "late_slope": 0.000750617765957046
    },
    "energy": {
      "boris": {
        "dH_final": 0.0016913371293014734,
        "dH_max": 0.009868655733600558,
        "late_slope": 1.8340006960376466e-07
      },
      "hc": {
        "dH_final": 0.0023912800654394863,
        "dH_max": 0.009909027441892914,
        "late_slope": 3.2254572879396353e-07
      },
      "rk4": {
        "dH_final": 1.059377713774623e-05,
        "dH_max": 1.0605262847123284e-05,
        "late_slope": 5.279104769201405e-09
      },
      "tao": {
        "dH_final": 2.7935811378022135e-05,
        "dH_max": 0.0004306704576090608,
        "late_slope": -2.1177668300015125e-08
      }
    }
  },
  "loop_convergence": {
    "M": [
      8,
      16,
      32,
      64,
      128,
      256,
      512
    ],
    "rel_err_to_M512": [
      0.09966108577465643,
      0.025480181622766305,
      0.006388209683796381,
      0.0015805471223954096,
      0.0003764567862532443,
      7.52981608554122e-05,
      0.0
    ]
  }
}