{
  "dts": [
    0.1,
    0.05,
    0.025,
    0.0125,
    0.00625
  ],
  "series": {
    "Tao (Omega=20 fixed)": {
      "traj_err": [
        0.0009697917400184887,
        3.960724936424823e-05,
        2.405840027612175e-06,
        1.4167104805001247e-07,
        8.718616345459033e-09
      ],
      "energy_amp": [
        0.00044552412541233274,
        2.996214637356246e-05,
        1.8080362371174343e-06,
        1.1126503590117204e-07,
        6.921504058471212e-09
      ],
      "order_traj": 4.1653508233069045,
      "order_energy_amp": 4.002111377392482
    },
    "Tao (Omega=1/dt coupled)": {
      "traj_err": [
        0.0005919790229713958,
        3.960724936424823e-05,
        3.700741780811755e-05,
        3.845976475512436e-06,
        2.2012673567359303e-06
      ],
      "energy_amp": [
        0.00012019820744732733,
        2.996214637356246e-05,
        7.471936916493501e-06,
        1.8681639912463518e-06,
        4.6699945689410074e-07
      ],
      "order_traj": 1.950647839826502,
      "order_energy_amp": 2.0019005555005065
    },
    "RK4": {
      "traj_err": [
        9.600728679288418e-07,
        1.2652257441576553e-07,
        1.00686036395222e-08,
        7.049396919073326e-10,
        5.419965234426049e-11
      ],
      "energy_amp": [
        1.5720639735411856e-07,
        4.915714082687607e-09,
        1.5363982745204212e-10,
        4.803383858851273e-12,
        1.5041485754190563e-13
      ],
      "order_traj": 3.5712824642002694,
      "order_energy_amp": 4.998969702059231
    },
    "Boris": {
      "traj_err": [
        0.05893460860937719,
        0.03240943779714615,
        0.016940956922611557,
        0.008654591745362239,
        0.004373328436779203
      ],
      "energy_amp": [
        3.14018491736755e-16,
        1.25607396694702e-15,
        7.850462293418875e-16,
        1.88411095042053e-15,
        1.4130832128153975e-15
      ],
      "order_traj": 0.9409499290207678,
      "order_energy_amp": -0.4924812503605835
    }
  }
}